Restaurant_Name,Location,Cuisine_Type,Cost_for_Two,Online_Delivery,Book_Table,Average_Wait_Time,Staff_Service,Reviews,Rating
Chutneys,Madhapur,Chinese,280,No,Yes,57,5,"Service was slow but food compensated for it.; Loved the ambiance, food was top-notch!",2.6
Rayalaseema Ruchulu,Jubilee Hills,Andhra,1777,Yes,Yes,42,4,Average taste but quick service.; Could improve the food quality.,3.7
Mehfil,Gachibowli,South Indian,1292,No,Yes,9,1,Great vegetarian options available.; Could improve the food quality.,3.2
Olive Bistro,Jubilee Hills,Italian,1791,Yes,Yes,28,1,Fantastic service and great food!; Average taste but quick service.,3.8
Flying Spaghetti Monster,Jubilee Hills,Italian,1884,No,Yes,11,5,Great vegetarian options available.; Service was slow but food compensated for it.,4.8
Mainland China,Hitech City,Chinese,724,No,Yes,24,3,Average taste but quick service.; Could improve the food quality.,4.8
Via Milano,Gachibowli,Italian,1184,Yes,Yes,46,5,"Loved the ambiance, food was top-notch!; Clean place and courteous staff.",3.3
Prego,Gachibowli,Italian,403,No,No,44,1,Could improve the food quality.; Service was slow but food compensated for it.,3.2
Bawarchi,Gachibowli,North Indian,339,Yes,Yes,62,4,"Loved the ambiance, food was top-notch!; Service was slow but food compensated for it.",2.5
Zafraan Exotica,Jubilee Hills,Chinese,1281,No,No,34,2,Could improve the food quality.; Not worth the price. Too crowded.,2.0
Paradise Biryani,Madhapur,Biryani,2082,No,No,42,4,"Clean place and courteous staff.; Mediocre experience, would not recommend.",4.5
Ohri's Ming's Court,Gachibowli,Chinese,1760,Yes,No,47,4,Service was slow but food compensated for it.; Could improve the food quality.,3.6
Shah Ghouse,Jubilee Hills,Biryani,1487,No,Yes,39,3,Great vegetarian options available.; Average taste but quick service.,3.1
Jewel of Nizam,Hitech City,North Indian,1279,Yes,Yes,46,4,Service was slow but food compensated for it.; Could improve the food quality.,2.6
Taj Mahal Hotel,Madhapur,South Indian,1880,No,Yes,58,2,"Could improve the food quality.; Mediocre experience, would not recommend.",2.0
Jonathan's Kitchen,Hitech City,Italian,818,Yes,Yes,23,2,"Loved the ambiance, food was top-notch!; Not worth the price. Too crowded.",4.3
AB’s - Absolute Barbecue,Madhapur,North Indian,1608,Yes,No,43,3,Not worth the price. Too crowded.; Service was slow but food compensated for it.,4.7
Almond House,Jubilee Hills,Desserts,1870,No,Yes,39,2,Could improve the food quality.; Delightful experience. Will visit again!,3.8
Minerva Coffee Shop,Banjara Hills,South Indian,1052,No,Yes,1,1,Great vegetarian options available.; Could improve the food quality.,3.4
Ulavacharu,Madhapur,South Indian,745,Yes,Yes,53,4,Clean place and courteous staff.; Delightful experience. Will visit again!,2.4
Over The Moon,Hitech City,North Indian,905,No,Yes,47,1,"Could improve the food quality.; Mediocre experience, would not recommend.",3.7
Little Italy,Jubilee Hills,Italian,1931,No,Yes,46,1,"Delightful experience. Will visit again!; Mediocre experience, would not recommend.",4.7
Sri Kanya,Madhapur,Biryani,609,No,No,16,2,Could improve the food quality.; Delightful experience. Will visit again!,4.7
Zuci Desserts,Banjara Hills,Desserts,529,Yes,Yes,16,5,"Average taste but quick service.; Loved the ambiance, food was top-notch!",4.9
Sicilia Banjara,Banjara Hills,Italian,1212,Yes,No,13,4,Clean place and courteous staff.; Great vegetarian options available.,2.3
The Fisherman's Wharf,Gachibowli,Seafood,1859,No,Yes,42,5,Great vegetarian options available.; Delightful experience. Will visit again!,2.4
Barbeque Nation,Madhapur,North Indian,1447,Yes,Yes,57,1,Service was slow but food compensated for it.; Not worth the price. Too crowded.,2.0
Tatva,Hitech City,Vegetarian,1512,No,Yes,36,2,"Not worth the price. Too crowded.; Mediocre experience, would not recommend.",2.4
Amogham,Banjara Hills,Multi-Cuisine,1698,Yes,No,40,3,Great vegetarian options available.; Delightful experience. Will visit again!,3.1
Kritunga,Madhapur,Andhra,610,Yes,Yes,33,1,Clean place and courteous staff.; Average taste but quick service.,3.1
TGI Fridays,Hitech City,American,2058,No,Yes,42,2,Fantastic service and great food!; Service was slow but food compensated for it.,4.3
The Water Front,Necklace Road,Multi-Cuisine,2067,No,Yes,43,3,Average taste but quick service.; Great vegetarian options available.,4.4
